{
    "ACTION_NEEDED": "ACTION_NEEDED",
    "AUTH_METHOD_NYI": "AUTH_METHOD_NYI",
    "BROWSER_QUESTION": "BROWSER_QUESTION",
    "CONNECTION_ERROR": "CONNECTION_ERROR",
    "EXPIRED_PASSWORD": "EXPIRED_PASSWORD",
    "GENERIC_EXCEPTION": "GENERIC_EXCEPTION",
    "INVALID_PARAMETERS": "INVALID_PARAMETERS",
    "INVALID_PASSWORD": "INVALID_PASSWORD",
    "NO_ACCOUNTS": "NO_ACCOUNTS",
    "NO_PASSWORD": "NO_PASSWORD",
    "UNKNOWN_WEBOOB_MODULE": "UNKNOWN_WEBOOB_MODULE",
    "WEBOOB_NOT_INSTALLED": "WEBOOB_NOT_INSTALLED",
    "INTERNAL_ERROR": "INTERNAL_ERROR",
    "DISABLED_ACCESS": "DISABLED_ACCESS",
    "INVALID_ENCRYPTED_EXPORT": "INVALID_ENCRYPTED_EXPORT",
    "INVALID_PASSWORD_JSON_EXPORT": "INVALID_PASSWORD_JSON_EXPORT",
    "WAIT_FOR_2FA": "WAIT_FOR_2FA",
    "REQUIRES_INTERACTIVE": "REQUIRES_INTERACTIVE"
}
